,chr,layer0_node,layer0_name,layer1_node,layer1_name
0,16,0,chr16:6068679,7,RBFOX1
1,16,1,chr16:6070442,7,RBFOX1
2,16,2,chr16:6071498,7,RBFOX1
3,16,3,chr16:6077103,7,RBFOX1
4,16,4,chr16:6078181,7,RBFOX1
5,16,5,chr16:78134644,8,WWOX
6,16,6,chr16:78138182,8,WWOX
7,16,7,chr16:78139005,8,WWOX
8,16,8,chr16:78142244,8,WWOX
9,16,9,chr16:78143321,8,WWOX
10,9,10,chr9:8313681,4,PTPRD
11,9,11,chr9:8317236,4,PTPRD
12,9,12,chr9:8318231,4,PTPRD
13,9,13,chr9:8319168,4,PTPRD
14,9,14,chr9:8319965,4,PTPRD
15,9,15,chr9:8328981,4,PTPRD
16,9,16,chr9:8339227,4,PTPRD
17,9,17,chr9:8340651,4,PTPRD
18,9,18,chr9:8341445,4,PTPRD
19,9,19,chr9:8345959,4,PTPRD
20,3,20,chr3:59734687,2,FHIT
21,3,21,chr3:59735965,2,FHIT
22,3,22,chr3:59738188,2,FHIT
23,3,23,chr3:59739903,2,FHIT
24,3,24,chr3:59741515,2,FHIT
25,3,25,chr3:59742545,2,FHIT
26,3,26,chr3:59743819,2,FHIT
27,3,27,chr3:59744856,2,FHIT
28,3,28,chr3:59748509,2,FHIT
29,3,29,chr3:59750069,2,FHIT
30,10,30,chr10:77191120,5,LRMDA
31,10,31,chr10:77197839,5,LRMDA
32,10,32,chr10:77212167,5,LRMDA
33,10,33,chr10:77215176,5,LRMDA
34,10,34,chr10:77222859,5,LRMDA
35,10,35,chr10:77232702,5,LRMDA
36,10,36,chr10:77233254,5,LRMDA
37,10,37,chr10:77235702,5,LRMDA
38,10,38,chr10:77242376,5,LRMDA
39,10,39,chr10:77246369,5,LRMDA
40,10,40,chr10:77250488,5,LRMDA
41,10,41,chr10:77256420,5,LRMDA
42,10,42,chr10:77262599,5,LRMDA
43,10,43,chr10:77275555,5,LRMDA
44,10,44,chr10:77288045,5,LRMDA
45,10,45,chr10:77291427,5,LRMDA
46,10,46,chr10:77292961,5,LRMDA
47,10,47,chr10:77295957,5,LRMDA
48,10,48,chr10:77301805,5,LRMDA
49,10,49,chr10:77308300,5,LRMDA
50,2,50,chr2:115201974,0,DPP10
51,2,51,chr2:115205022,0,DPP10
52,2,52,chr2:115207871,0,DPP10
53,2,53,chr2:115209405,0,DPP10
54,2,54,chr2:115214891,0,DPP10
55,2,55,chr2:115217554,0,DPP10
56,2,56,chr2:115219076,0,DPP10
57,2,57,chr2:115225851,0,DPP10
58,2,58,chr2:115228540,0,DPP10
59,2,59,chr2:115241867,0,DPP10
60,2,60,chr2:115246448,0,DPP10
61,2,61,chr2:115250149,0,DPP10
62,2,62,chr2:115252186,0,DPP10
63,2,63,chr2:115258063,0,DPP10
64,2,64,chr2:115258220,0,DPP10
65,2,65,chr2:115258481,0,DPP10
66,2,66,chr2:115259139,0,DPP10
67,2,67,chr2:115259236,0,DPP10
68,2,68,chr2:115264048,0,DPP10
69,2,69,chr2:115271841,0,DPP10
70,11,70,chr11:78362962,6,TENM4
71,11,71,chr11:78369573,6,TENM4
72,11,72,chr11:78369834,6,TENM4
73,11,73,chr11:78373037,6,TENM4
74,11,74,chr11:78375189,6,TENM4
75,11,75,chr11:78378265,6,TENM4
76,11,76,chr11:78383259,6,TENM4
77,11,77,chr11:78383336,6,TENM4
78,11,78,chr11:78386259,6,TENM4
79,11,79,chr11:78387298,6,TENM4
80,4,80,chr4:178649091,3,LINC01098
81,4,81,chr4:178651781,3,LINC01098
82,4,82,chr4:178652575,3,LINC01098
83,4,83,chr4:178655568,3,LINC01098
84,4,84,chr4:178659630,3,LINC01098
85,4,85,chr4:178667415,3,LINC01098
86,4,86,chr4:178675221,3,LINC01098
87,4,87,chr4:178681725,3,LINC01098
88,4,88,chr4:178681945,3,LINC01098
89,4,89,chr4:178688294,3,LINC01098
90,2,90,chr2:140988356,1,LRP1B
91,2,91,chr2:140988519,1,LRP1B
92,2,92,chr2:140988796,1,LRP1B
93,2,93,chr2:140990868,1,LRP1B
94,2,94,chr2:140990879,1,LRP1B
95,20,95,chr20:13980826,9,MACROD2
96,20,96,chr20:13987668,9,MACROD2
97,20,97,chr20:13989396,9,MACROD2
98,20,98,chr20:13999918,9,MACROD2
99,20,99,chr20:14002621,9,MACROD2
